,Tweet ID, User ID, Bullying_Traces?, Type, Form, Teasing?, Author_Role, Emotion,Text
3500,104227895471386625,84928530,n,,,,,,@meetJoSmith @sandyhallett i was pointing out theres bullying and moaning they are not the same but bye anyway
3501,105968827707301888,19587784,y,self-disclosure,other,n,defender,none,Nobody should bully a sweet girl like @Amelliaaaaaaa . ._.
3502,108226485860573185,40006679,n,,,,,,Quebrando o Silêncio alcança a América do Sul contra o bullying http://me.lt/1bGtA
3503,108353383135584256,331190381,n,,,,,,Miss World Australia Amber Greasley Says She Was a 'Bully Victim' [PHOTOS] - http://t.co/gKyUvdB -  #newmissworldaustralia
3504,102167456805695488,223988887,n,,,,,,even alle bully beatdown afleveringen gedownload van season 1 en 2 :)
3505,102838361022148608,98178122,n,,,,,,"Some men aren't looking for anything logical, like money. They can't be bought, bullied, reasoned or negotiated with."
3506,104366685640859648,126944976,n,,,,,,"""Seu merda"" - ""Isso é bullying"" - ""Só se for com a merda"". http://t.co/zqKtt9U"
3507,106894898426413056,97059492,n,,,,,,@pedrimsc OLHA O BULLYING. KKKKKKKKKKKKKKKKKKKKKKKKKKKKKKKKKKKKKKKKK.
3508,100371473037922304,332083858,n,,,,,,
3509,103183908560056320,344486908,n,,,,,,Man they be goin hard on bully beat down!
3510,103352978773262337,135001506,n,,,,,,How to heal with the emotional wounds of #bullying http://t.co/bQvwE6F #fear
3511,107495846232342528,345213939,n,,,,,,
3512,109071675777228800,24088992,y,report,other,n,reporter,none,
3513,100435721424351232,67224962,n,,,,,,
3514,106530717621698560,135007220,n,,,,,,Bullying at work: resolving a problem: One of the most common areas that we find for bullying is where the manag... http://t.co/6cbzcOp
3515,108029530156965889,309911388,n,,,,,,@josephasfawtime @brookerum Cyber bullying is wrong
3516,109098755256627200,78582775,n,,,,,,
3517,103985653695524864,56704506,n,,,,,,“@cacheayala: @AndresPaVa: Luego te enojas porque el jueves esta de #bully contigo Crees que no lee tus tweets? T minus 4:37hrs / jaja +1000
3518,105117734534254592,15848688,n,,,,,,"fantastic post about how adults bully & how to say 'Enough!'“@miafreedman: So, I got into a fight at a bar. http://t.co/j7ZwAHc #mmia”"
3519,108629916588838912,318483503,n,,,,,,"Four Steps to Reduce Bullying That Is Happening to YOU!: Bullying can bring us down, especially if it happ... http://t.co/1A4HjTO"
3520,103470213865025536,58272721,n,,,,,,
3521,103910190356758528,57075477,n,,,,,,"Eu disse no feriado que tava sentindo falta do bullying da minha sala, retiro o que eu disse, galera tá fazendo muito bullying comigo :P"
3522,109029055357128705,308521254,n,,,,,,"@sebastian_chp ¿se podría decir que esto es bullying ""septiembrerístico""? todo porque vivo un poquito más al sur de Antofagasta &gt;.&lt;"
3523,101942933170814976,61945568,n,,,,,,@jhaylobee bwhahaha! Bully pa rin ba? Haha! I want to see Kengkang! Ang batang may nganga sa ulo! Bwhahaha!
3524,103338071554129920,23329587,y,report,other,n,reporter,none,"@Sayrawr88 @SydneyGraant I bet that little twat goes around crying ""I get cyber bullied!"" after she does the same thing lol."
3525,105026294516948992,23481454,y,accusation,other,n,accuser,none,@RitaSlo @hrzebari @BrendaAsmar lmaoooo you are such a bully!
3526,102850818331525120,299608777,n,,,,,,"@kryticismusic itts soft wehh:( lol,,i will nott be bullied by dead.grass,,itts on again nex'sunday.."
3527,103053494025596929,333867280,n,,,,,,#canofbullies yes if they big they should hit back kids need to learn not to bully
3528,103616143004155905,51927315,y,self-disclosure,cyberbullying,n,victim,none,
3529,104715603381727233,119811415,n,,,,,,
3530,105697492670234624,90162076,n,,,,,,Frio é bullying contra os solteiros.
3531,105835567815737344,241336145,y,denial,other,n,bully,none,
3532,109056785981247488,361944775,y,self-disclosure,other,n,victim,none,"@ge0rgiach0rlton (cont) i dont want anyone from school to know about my youtube, because at my old school they used to bully me x"
3533,100228121097289729,106343684,n,,,,,,@dwibp anjiiiiiir jleb nyes banget itu ntun ¬_¬ lu awas ya gw bully jangan minta ampun lu yah huhaaaa
3534,102138484604678144,295796530,n,,,,,,"#notw #hacking The awkward years: Bow ties and blue dreadlocks, padded bras and bullying: w... http://t.co/EiyXU4i http://t.co/rJfCuez"
3535,103588898558590976,173267281,n,,,,,,
3536,104580754775875584,219727557,y,report,other,n,reporter,none,@justinbieber YOU SHOULD KNOW THAT @ibiebercock ALWAYS DEFENDS YOU. YOU HELPED HER GO THROUGHJ BULLYING! :)
3537,105113835739938816,59278492,n,,,,,,"@Cleyciann Cley, bullying corretivo na @ThaamyrisBrito!"
3538,100622721687367680,93834718,n,,,,,,"MAN SAID IN VAUXHALL SOME BLACK YOUTS ARE DRIVING A BULLY VAN PLAYIN ""BAD BOYS"" AHAHAAHAHA"
3539,101407473696645120,325202914,n,,,,,,@MirelaLaden Diz: Vooc magra desse Jeito Sofria Bulling Magina eu qe so gordinha uhsauhsahuuhsahuas' Euri teamodoro viiu !
3540,103485454690684928,27562705,n,,,,,,
3541,105403067867992065,295186758,n,,,,,,
3542,108447721790251008,109250613,n,,,,,,"are bully sticks for dogs safe: 

are bully sticks for dogs safe

are bully sticks for dogs safe Get healthy and... http://t.co/Oh6ial1"
3543,102737615844941824,164919549,n,,,,,,LOVE is LOUDER then bullying&lt;3
3544,102872886062235648,67313786,n,,,,,,To all those people that been bullied don't worry your time to shine will come #WhosLaughingNOW!
3545,103693752178180096,92774018,n,,,,,,"Alias, o termo ""homofobia"" tem sido usado em grande exagero, assim como o Bullying."
3546,105458130539921409,203665936,n,,,,,,"Todo mundo sofreu bullying, tem homem grávido, teve gente que foi abusada sexualmente, gente que ressuscitou... http://t.co/C504a6s"
3547,108654861637263360,333659178,n,,,,,,A Lua blanco já sofreu bullying na escola hoje é mega famosa um exemplo de diwa u_u
3548,103293754596802560,151964321,n,,,,,,Eu sofro bullying no youtube muitas vezes.
3549,103891324394147841,35807644,n,,,,,,"""Were you ever bullied?  If so, how did you deal with it?I guess so haha I would get food thrown at me lik… (cont) http://t.co/hm0uu3s"
3550,105634872260964352,28332443,y,report,other,n,reporter,none,
3551,107068201975820288,100005589,n,,,,,,@the_denny11 ohhh moseco ituuu!!! wuwuwuwu!! Iya iya gua kepedean. dari tadi gua ga di bully. Wuu! *nangis di pojokkan*
3552,106527219869954049,301591788,n,,,,,,"Esse povo da sala só me difama, sofro mt bullying mano ): KKK"
3553,108323393111199744,86161416,n,,,,,,"El Bullying no es nuevo, asi es como uno aprende a defenderse, dejen de criar niños lelos!! Suficiente tienen con lo que ven en la TV!!"
3554,102151950879047680,187262417,n,,,,,,''OOOOOOOOOOI AMOOR'' ''oi''= bullying.
3555,106326121842348032,216788521,n,,,,,,A @Thiifany_ ta fazendo bullying com a @mariimarqs_ chamando ela de balao
3556,105414539021004800,191521360,y,self-disclosure,other,n,victim,none,
3557,105737494846390272,342060961,n,,,,,,Cameron mustnt let the police top brass bully him into silence ... http://t.co/1fOx4Br
3558,106772898303315969,296043045,n,,,,,,@camilla__l   opa  é bulling
3559,107857050431791104,187656876,n,,,,,,
3560,103946411422392320,118117549,n,,,,,,
3561,106760298710577152,83388812,n,,,,,,
3562,106829570577137665,28933533,y,self-disclosure,cyberbullying,n,victim,none,
3563,102952623317069824,283760962,n,,,,,,@CatalanCars Wajajajaja. Recuerda que estás solo allá en Serena. Así que podemos hacerte bullying a ti. jajajaja. nah.
3564,106139789908119552,156142112,n,,,,,,watching bully beatdown
3565,108318709331918849,268513596,y,report,other,n,reporter,none,"@bassemshow  http://t.co/hcY7pGn  Did you saw this ? what do you think about it ,, first time to see someone bully you on air !!!!!!!!!!"
3566,102826278113124354,30548029,n,,,,,,
3567,107735625985310720,90140572,n,,,,,,"Bocah ""@EkkyRefinaldi:  #cumadimelati bisa bully anak kecil cc: @fajarpriandhika ahahaha"""
3568,100608325590335488,210091147,n,,,,,,"Photo: › Tell me about that time when you were being bullied… What is that feeling like, for someone who’s... http://tumblr.com/xrw3z15uin"
3569,104998587284467712,240860772,y,self-disclosure,other,n,bully,none,So I pushed this dude down the steps at school and he broke his foot or some . But we were just playing around . Does that make me a bully?
3570,103321581979303936,279782362,n,,,,,,"assunto no programa do Jô agora é bullying, ou seja, estão todos se bulinando lá JDOIASJIODJAODJSOJO QUE MERDA DE PIADA"
3571,103878423063166976,251822092,n,,,,,,
3572,105361356609425408,224314684,n,,,,,,BULLYING!!!!!!!!!!!!!!!!!!!!!!!!!!!!!!
3573,107242731226669056,337231542,n,,,,,,"@SophiaFans_   , a Márcinha ta sofrendo Bullying !"
3574,107611233674469377,192760178,n,,,,,,El acoso cuentas como bullying?
3575,101434000270295040,109001452,n,,,,,,"@Sharks_Allen alie 2 me it depends on the situation, u direct certain people u get called a bully but certain people need 2 know"
3576,101755801613512704,239904512,n,,,,,,
3577,102512516629921792,256670322,y,self-disclosure,other,y,bully,none,"@Price_21 wtf! Nothing to do with me! Nadim and christian, I was to busy bullying jake :P"
3578,104075459628777472,86853376,y,self-disclosure,other,n,victim,sadness,Help me #parawhores :((((( they are bullying meeee
3579,105677680275488768,342223359,n,,,,,,Frio é bullying contra os solteiros. http://t.co/79vVpNx
3580,106421438440943616,356592581,y,self-disclosure,other,n,victim,none,
3581,106495280580542464,165495071,n,,,,,,Não é bullying se eu te quebrar inteira e dizer que estava brincando de jogos mortais. http://t.co/lxU68NK
3582,106499189470543872,144944638,y,accusation,other,n,accuser,none,@G_Morales01 :O BULLY! :'(
3583,108776650799464448,59135329,n,,,,,,@AdgeJona she's brave. i will never write my bullying story on twitter. no one knows.
3584,102196513794555905,303006163,n,,,,,,"Dou um empurrão em uma pessoa, isso se chama : - › EU : Empurrão. › › SOCIEDADE : Bullying ! http://t.co/09hVKp5"
3585,102438126059929600,246671549,y,report,other,n,reporter,none,
3586,105632850816139267,213262308,y,report,other,n,reporter,none,“@FEEFEEPR: i told u yo rappers dnt rt me cos deyy scared” industry bully!
3587,106655643154386944,202096012,n,,,,,,@Gunner1331 @lowsoonhuat OF COURSE I WON'T CRY WHEN I BULLY YOU.
3588,108598611583057920,200174287,n,,,,,,"Preciso fazer um script de 10 minutos sobre bullying, Morra língua portuguesa ; Morra Professora !"
3589,102234511873544192,198629262,y,report,other,n,reporter,none,@Dyenomite whoa. seriously? what a bully.
3590,106027112573579265,51101376,n,,,,,,Espero que ele fique bem! E que isso sirva de exemplo para todos ficarem em alerta em relação as práticas de bullying... o quanto é perigoso
3591,106110203086376961,223134702,n,,,,,,"""Cegah, lawan, hukum, bullying/premanisme siswa senior kpd juniornya!! @jpnncom: Kemendiknas Standarkan Tatib Sekolah http://t.co/nHOmVE8"""
3592,106747317507457025,338601564,n,,,,,,
3593,107853773652754432,261635373,n,,,,,,@azharyogaswara mana arsenal lo ry? Cuman jadi bahan bully an wkakaka
3594,108044143472803840,166872269,n,,,,,,@PrimoNids ahora #BULLYING por twitter
3595,108692482191147010,78590345,n,,,,,,só eu acho esse comercial sobre bullying mto tosco?
3596,106389581468930048,232850838,y,self-disclosure,other,n,victim,sadness,
3597,106891132893544448,137452171,y,accusation,other,n,accuser,none,
3598,107495848262373376,31126378,n,,,,,,Workplace Bullying Made Simple Spanish - YouTube: Workplace Bullying Made Simple Spanish Preview.www.youtube.com... http://t.co/i6UJvCD
3599,101757907800047616,227833765,n,,,,,,@SalomeAnjari pero Salitooo! toy muerto de hambre T-T!! bullying involuntario XD
3600,102152472709181440,64873359,n,,,,,,
3601,104345458389950464,144290873,n,,,,,,
3602,104718866621538305,68739281,n,,,,,,
3603,104808797020749824,151627249,n,,,,,,@MacaLofish_UC  oajoajoajajo creo que todos me hacen bullying porr no tomar ojaojaojaoajoajoja
3604,105734410246176768,187376278,n,,,,,,"achei alguém que tá pior que eu no twitter. mas não vou falar quem, isso já é bullying"
3605,106385501820424192,33991725,y,self-disclosure,other,n,victim,none,
3606,106741365525848064,70455504,y,accusation,other,n,accuser,none,"@MBachmann4Pres There's nothing to change, nor to debate. You need to get a grip and stop bullying people."
3607,100669947616821250,165255023,n,,,,,,"@carolferos @brunnoferos que isso menina, que bullying, que calunia kkkkk"
3608,102208708163014657,93920692,n,,,,,,"malena: você já sofreu bullying? eu: não, eu só pratico HAHAHAHA to brincando ta malena, eu sou uma pessoa muito amável *-*"
3609,103810283876786176,302000762,y,accusation,other,n,accuser,none,@yrgreatestluv @Francispiration ya la u everyday bully him sia......
3610,104846947025821697,46072877,y,denial,other,n,bully,none,@spongebob274 you make it seem like I'm a bully! When I'm a nice person! Smh
3611,107489938223804416,117879976,n,,,,,,
3612,101349777358323712,254541685,n,,,,,,
3613,104734905656815616,297554682,n,,,,,,
3614,107657313879470082,62395882,n,,,,,,nunca sofri tanto bullying na minha vida @victorwyatt @Heitor_assis ----------.----------- ahuahua
3615,100273037345173504,158170466,n,,,,,,
3616,102219757717164032,333455314,n,,,,,,
3617,105774625572655104,312979738,n,,,,,,
3618,106142671600484352,321998606,y,self-disclosure,other,n,victim,none,@bellathorne143 bella tweet for me?? i suffer bullying
3619,107927976754155520,75628685,n,,,,,,
3620,108327237098545152,241335282,n,,,,,,
3621,108919454091587585,164677602,n,,,,,,I had to turn that Melo game OFF....i felt like Lebron was my little brother and he was gettin bullied....i couldnt watch anymore
3622,100228223241162752,279971235,n,,,,,,
3623,101625946091687937,328243648,n,,,,,,@ivicong ikaw nga bully diyan eh. CROOK!
3624,105829935389745153,326584614,n,,,,,,
3625,102719551019556865,291405185,n,,,,,,acordamos agora vo fazer bullying com o @brunons5
3626,105447863957467137,142047886,n,,,,,,
3627,107853441757487104,275380378,n,,,,,,
3628,104294774667878400,246500637,y,report,other,n,reporter,none,
3629,104354500973838336,347318098,y,accusation,other,n,accuser,anger,You are a bully!!! No I don't like it!!
3630,106822291433865216,323477684,n,,,,,,"Pretty awesome day thus far. Didn't do anything at work, had an awesome workout, and came home to my faaaavorite episode of bully beatdown!"
3631,106212734567329792,294906660,n,,,,,,“@LauLozz: @varo_arce @jergass qué mala onda eres alvarITO” // Jajajaja Lau me hace bullying diciendo mi nombre en diminutivo! #Noesdedios
3632,107298374352506880,286913327,n,,,,,,q hilario uma garota vem me fala q sofre bulling bom vai intende KSAOKSAOKSAOKS'
3633,106194734132891648,65966667,y,denial,other,n,bully,none,
3634,101463990533758976,110227631,n,,,,,,"Meninos do Tumblr são assim: - › Meninas do Tumblr são assim: › › E eu, sou assim: › › Isso é bullying. http://tumblr.com/x0a40ugj3m"
3635,102309265515098113,260533833,y,accusation,other,n,accuser,none,
3636,103585886394007552,107446821,n,,,,,,só tem bullying na cozinha
3637,103823223069753344,18176049,y,self-disclosure,other,n,defender,none,
3638,104082717397893120,303805534,n,,,,,,
3639,104368817471361025,144046456,n,,,,,,@Mariana_gmez Sin amistad no hay bulling
3640,104582382824325120,226815061,n,,,,,,@CoreyHutchins What is the context of this quote? More bullying of the media? http://t.co/oNuLRf8
3641,104663534985678848,299967889,n,,,,,,"http://t.co/tpAmOJs vía @youtube
Muy penoso el video Demi cuenta su experiencia con Bullying Lus #Lovaticos siempre estaremos con ella !!"
3642,105989810421903361,171872577,n,,,,,,"Tau ter Bully gk? Ya maneh itu!! =))@afiifahrahmi: @fadhilmp tau jahaaat ga sih ? Ya maneh itu !!!!!"""
3643,106799621602410497,196057214,n,,,,,,"@Marissazman @huddydoodle don't worry babe. Nnt I kung fu je dgn dia. Kita tgk ah dia tergolek nnt :p jgn bully best friend I, Hud! Haa haha"
3644,107352656116334592,325308250,y,self-disclosure,other,n,victim,none,@JohnCena  dude I'm getting bullied and I can't tell or they'll beat me up but I can ask for your help see no one knows I'm talking to u and
3645,107788700708122624,57822810,y,denial,other,n,victim,none,@Zoestymest semo semo! Is you cant bully me. Cause i will kill onew
3646,107967684309823489,296883275,y,self-disclosure,other,n,victim,none,@EggManGeorge ok ok.... i will speak to him on tuesday and tell him that his nephew is bullying me and that he should be punished.
3647,108009290354266113,297771329,n,,,,,,I'm in a bad mode so if I snap at you sorry. Chad and I had a huge fight so just be nice and please stop the bullying.
3648,108540052488978432,222941671,n,,,,,,
3649,100118699914174464,42341304,n,,,,,,
3650,102044783064784897,247101057,y,report,other,n,reporter,none,David Arquette Reveals His Daughter Coco Has Been Bullied  http://t.co/rXQOEXc
3651,103995214854754304,90750751,n,,,,,,"o @victtorgomess tá praticando bullying comigo, é! u_u"
3652,105403209799041024,60060836,n,,,,,,@cltorreo bullying futbolero
3653,100296835075293184,313799471,n,,,,,,#SelfDefense The Best Martial Art for stopping Bullying http://t.co/cQajVOl
3654,100301747288932353,324141994,n,,,,,,I just see pure bully vans going towards totty cambridge/ edmonton sides boy
3655,101634367390101504,54416057,y,self-disclosure,cyberbullying,n,victim,sadness,omg! @KissMyASSley & @OmgitsFlenoid are making fun of me and my sleeping habits :( i'm feeling unloved and cyber-bullied!
3656,102174578519982080,307562787,y,self-disclosure,other,n,victim,anger,
3657,106358362706415616,50065659,n,,,,,,"19 children, 24 adults & 6 pets sheltered. With school in session, now is the time to discuss bullying: http://ow.ly/6btbj"
3658,108028856807587843,177243959,n,,,,,,
3659,102375089621831680,14642196,n,,,,,,"The Cruelty Crisis: Bullying Isn't a School Problem, It's a National Pastime | Psychology Today http://t.co/IhjTjnh"
3660,103032278963339264,116323208,n,,,,,,
3661,105697040989831168,169275262,n,,,,,,Frio é bullying contra os solteiros. http://t.co/qATI3Jw
3662,100086247585890305,182752731,y,accusation,other,y,accuser,none,"@SkittleElena You little bully. [Smirks wickedly] In that case, you might just get one soon."
3663,103773874629513216,51582024,n,,,,,,
3664,106186742738075648,166272077,n,,,,,,Não é bullying se eu te quebrar inteiro e dizer que estava brincando de jogos mortais. http://t.co/3jJrpJP
3665,106433118994563074,197094349,n,,,,,,aaf fazendo uma dissertação sobre o bullying ' kkkk ja sabem né pedindo uma ajudinha para o tio google .!
3666,107368179042484224,32267637,n,,,,,,@luisfer9 bullying 4 (te quedan 5) CC. @omarclh
3667,108849410825392129,355757429,y,self-disclosure,other,n,victim,none,"@Warbler__Blaine yeah i came 2 days ago,started getting bullied the first day-looks up slightly-"
3668,100124460048330752,254307059,n,,,,,,Stand up nd do sumthen lol a bully favorite line
3669,101025215097733120,272224275,n,,,,,,Recognizing And Dealing With Bullying In The Workplace http://bit.ly/oEsZ5M
3670,102751901753409537,99095029,y,report,other,n,reporter,none,
3671,106088707244834816,258052325,y,self-disclosure,other,y,bully,none,"@Iameemily I want to become big size, then can bully our @weirong92 more hahahaha."
3672,106128867625943040,28890651,n,,,,,,@ourloveshines véndate la mano y así le haces bullying a alguien en el colegio y le dices que escriba por ti porque no puedes D1 askldj xd
3673,100107859672571904,350068585,n,,,,,,@jiayin37 nvr.ferocius big good ma~no one dare bully you.
3674,108635959565877248,262875426,y,accusation,other,n,accuser,none,@RisssRattt90 your a bully.
3675,108670880548257792,283662971,y,report,other,n,reporter,none,"@Jilltweety OMG Darryn has to go, I feel ill everytime he exposes that gross body of his and he's nasty and bullying #BigBrother"
3676,101428926584340481,190856868,n,,,,,,"hoje o idiota do Marcos fez bullying com o Rodrigo na sala, pqp fiquei mt brava"
3677,102922707552845825,236637677,y,report,other,n,reporter,none,Lmao @_HimOverThere5 is a bully
3678,104686663745277953,144991482,n,,,,,,"""Seu merda"" - ""Isso é bullying"" - ""Só se for com a merda"""
3679,100272899239317504,195239616,n,,,,,,To sofrendo bullying vendo as fotos desse povo infinitamente mais bonito que eu. http://tumblr.com/xgq3ycvl10
3680,100662069543706624,47778529,n,,,,,,It's so funny when the bully meets their match!!!
3681,102991323988099072,248974194,y,self-disclosure,other,n,bully,none,
3682,108639880275431424,263800900,n,,,,,,"@DavidJChalmers He'll be good at stopping teams bullying #afc, effective against likes of Stoke. But Cahill could have done that too."
3683,102905977803776000,161886372,n,,,,,,@Shell_313 @DocGiani69 @LovemesomeCC Magic bully!!! I knew that would make you come out of lurkdom! LOL!
3684,107111689891229696,103334059,n,,,,,,
3685,107985961257926656,360323217,y,self-disclosure,other,n,victim,none,@Wolf_Quill I've seen a lot of people switch schools because of bullying but I decided I didn't want to be one of them
3686,100238823283363840,29633395,n,,,,,,"ITS GOIN DWN ""BEDROOM BULLY"" STYLE #AUG20THCLUBGRAVITY ER'1 FREE B4 12AM & $10 ADV TIXX http://twitpic.com/6266zb MUSIC BY @ShockwavEDTN"
3687,102549305382014976,162904928,y,self-disclosure,other,n,victim,none,"I'm a girl who deals with bad acne, weight issues and low self esteem. I get bullied everyday by people and... http://t.co/Kb126cQ"
3688,105526020727250944,356901708,n,,,,,,"Read my response to ""Have you ever Been bullied at school?"": http://t.co/izEDL9q"
3689,106646027607609344,294616264,n,,,,,,
3690,106736795252834305,287332960,n,,,,,,"bubu, tadinho do menininhoo da minha sala, sofre bulling =("
3691,108960802136014848,303118458,n,,,,,,Staring down the bully-boys http://t.co/B18MZmF ;O accommodation lodge
3692,101468215657500673,288575548,n,,,,,,
3693,101823866355200001,285319634,n,,,,,,
3694,101999873091575808,114278384,n,,,,,,
3695,100077985406787584,308762158,n,,,,,,The Bully at Work: What You Can Do to Stop the Hurt and Reclaim Your Dignity on the Job http://dlvr.it/bn8wZ
3696,102517289655603200,31530021,n,,,,,,"Alicia has just given a shit about bullying & Animal abuse. Give a Shit at Give-a-Shit.org
#giveashit"
3697,102954626717974528,87356000,n,,,,,,@fancyfirda radio apa sih cyin? doyan amat lo bully..
3698,104921435167932416,65517023,n,,,,,,ME DAR UNFOLLOW ENQUANDO ESTOU DORMINDO É BULLING VIU...
3699,106742864976941057,51751058,n,,,,,,@KangHsien @HAHAHEHETEHEE get lost la you :( so xia sway i kena bullied by a pig :/
3700,107300756553609217,170753275,n,,,,,,
3701,107460312642490369,57225057,n,,,,,,Novo post! [para rir] Bullying até no universo Marvel: Vi no Bloog do MazzaCalango doido do cerrado http://t.co/gZnCRj6
3702,105116943966683136,337429869,y,report,other,n,reporter,none,@MrDBlackstock tell Bruce Campbell he needs a twitter acc. He really Bullied 2day!
3703,107063497237598208,197689085,n,,,,,,@pradnyaniputry Bukan di sayang tapi selalu kena marah sama ke bully sama keluarga ka. Malah kaka aku yang paling di sayangin..
3704,107320099509243904,278719347,n,,,,,,
3705,109082906441424896,132992559,n,,,,,,
3706,103579030128828416,113648023,n,,,,,,Más bullying que recuerden de la escuela? Yo recuerdo que calentaba la banca de metal con un encendedor y cuando se sentaban... Jajaja
3707,103963857080418304,160281492,n,,,,,,clima de bullying nesse twitter kk
3708,104340395302985729,248682410,n,,,,,,@thoni_ kkkkkkkkkkkkkkk olha o bullying !
3709,104783356381761536,104709029,n,,,,,,@itsfl4cko jajajajajaja mala onda! me haces bullying :c ya veras cuando hagamos cambio de roles YA VERAS!! ajajajaja
3710,106485059015540736,164413539,y,self-disclosure,cyberbullying,n,victim,none,
3711,100368052310380545,174789897,n,,,,,,Sofro bullying da câmera fotográfica.
3712,101515849067794432,100109804,y,report,verbal,n,reporter,none,@MorganMcClain she need to switch her bully game up its 2011 and she still cussing out people
3713,102505657864962048,330799765,y,self-disclosure,other,n,bully,none,
3714,103910507601338369,308301957,n,,,,,,
3715,104332763276132352,240500746,n,,,,,,"Mi teacher esta en contra del bullying, pero ¡ah como le encanta burlarse de Ninel Conde!"
3716,105025722812338176,100565315,n,,,,,,
3717,105197578613829632,219311716,n,,,,,,"Kamilla ta lutando contra as formigas e catitas da cozinha, ''ant bullying'' Garota Baygon @kamillacms"
3718,105351431657226241,25827803,y,denial,other,n,bully,none,Not liking how @NikkiHesford is making me out to be a bully! 'who constantly tweets me criticism' did your mum tell you it's wrong to lie?!
3719,105804620772810752,225992982,n,,,,,,Frio é bullying contra os solteiros. http://t.co/ze2hwiH
3720,106563538046300160,245516604,n,,,,,,@AnaCmello @Miih_Pattz @boluiza @andressagg_ @danydemoura  Tbm sofro desse Bullying!!!!
3721,107969542499741696,153349276,y,report,cyberbullying,n,reporter,none,"@MiinT tweeting her saying she's ugly, a whore and that she should go burn in hell is bullying though. I know TrollJunes hasn't said that"
3722,108922226862075904,24441503,n,,,,,,CLICK 4 DETAILS -&gt; http://t.co/Nwybqhp ALL ROADS LEAD TO #WILDBULL THIS THURSDAY HOSTED BY @ITSMRHOODSTAR (EVERYONE 5$) &lt;- SPREAD THE WORD
3723,102468323425533953,23040622,y,self-disclosure,other,n,bully,none,
3724,103921872055435264,44363753,y,self-disclosure,other,y,victim,none,#whenifirstmet @KisameRyoma he bullied me for being a ringer :( lool
3725,104005092788805633,235007989,n,,,,,,Dude on bully beatdown is super wild!
3726,104323554161602560,124541731,n,,,,,,#youknowuwrong if u bullied any of the @ICONicBoyz
3727,104908229921878016,330686773,n,,,,,,"@CraigyAnderson Generally, they seem to be kids who were bullied at school, who enjoy the sense of power a high-vis jacket gives them."
3728,101817031443226625,232477532,y,self-disclosure,other,n,victim,none,SO @imBOld  BULLIED ME INTO CLEANING THE BATHTUB [SNOOTYBOOTY
3729,103673435447767041,258629777,n,,,,,,@Mo_Habet08 prometo ya no ser bully jajajajaa...
3730,103677906747789312,131477938,y,accusation,other,n,accuser,none,@DramaTweetBrad Whatever you bully!
3731,104302550836187136,184695510,n,,,,,,@boushh2187 Have they not read the books in book 5 when James was bullying Snape? I was sad when I read that.
3732,105755228158169088,71288146,n,,,,,,
3733,106089068898684928,79049462,n,,,,,,"@gabidecastro @depastore bullying com a dé e]~wçeç]w~çe]w]w~çe]w~eç tadinha ela deve ta com fome gabi, ai fala essas coisa"
3734,106552455495561216,179708934,n,,,,,,@cmarinho_ @marjss achei bullying
3735,107317180114272257,40145230,n,,,,,,"Your ""fun"" can be the cause of someone committing suicide... #bullying"
3736,101659872642342912,336203378,n,,,,,,"matamoros es un bully, bien mila! #salvame"
3737,103022227208945664,20720156,y,report,other,n,reporter,none,"@wu_fei actually I just realized, this isn't Running Man and Kwangsoo is still being bullied. lol. D: noooooo kwangsoo :'("
3738,105735749009293312,62863174,n,,,,,,"serio, falsidade é bullying"
3739,105961990010318848,151034721,n,,,,,,Stonewall are looking for young people aged 16-18 who have you experienced homophobic bullying and would be... http://t.co/5cD3yo4
3740,101449048191537153,263348495,y,self-disclosure,other,n,victim,none,
3741,101628914828455936,177805490,n,,,,,,Update News &gt;&gt; Rebecca Black 'Friday' Star Drops Out of School Due to Bullying http://bit.ly/qjDBGF
3742,103567437227769856,219155415,n,,,,,,
3743,104110728033742848,33090235,n,,,,,,"But seriously, I hate Angelica! Dumb bitch always bullying Tommy, Chuckie, Phil & Lil. She be salty as shit when Susie comes shut shit DOWN!"
3744,108261173295714304,148830664,y,accusation,other,n,accuser,none,
3745,100270638513659904,210618873,n,,,,,,To sofrendo bullying vendo as fotos desse povo infinitamente mais bonito que eu. http://tumblr.com/xtw3ycohnb
3746,101522628686254081,278983998,y,report,other,n,reporter,none,
3747,103266926473650176,293836048,y,denial,other,n,bully,none,@_AyeEsAychAye lol. Ok asha. I'm not being a bully.
3748,104353660850540544,299339821,n,,,,,,@imrayannej bullying mesmo ):
3749,104376601504002049,95344269,n,,,,,,Lloyd Banks - Big Bully .. My Son Reallly Went Off
3750,105784218168213504,27531290,n,,,,,,
3751,105802959979425792,104360733,n,,,,,,"Rapaz, fui ver um trecho desaa novela da globo e o caio castro já ta praticando o tal do bullying com a mãe ,mo triste"
3752,101515332551835648,261372082,n,,,,,,@NickMiller89 wrong sir. You started building a bulky first day at camp! Tomorrow y'all will start being the bully! Get it fam
3753,102935551560261632,245613719,n,,,,,,
3754,105429136830513152,326115600,n,,,,,,Não é bullying se eu jogar um tijolo na sua cara e fingir que estava brincando de pedreiro.
3755,106554336892555264,58902770,n,,,,,,Ai o Bullying é permitidíssimo!! http://t.co/DnTr0tu
3756,108996571491864576,164147657,n,,,,,,
3757,101683126639669249,326212534,n,,,,,,
3758,103673535968452608,45377715,n,,,,,,"@ilDavincho Tiene 2 opciones: superarlo o dejarse caer por ello // #TrollStyle -&gt; Debería ir al programa ""The Bully Beatdown"" :P"
3759,105818392065347584,58574047,n,,,,,,@MadaraNuggets amigo que é amigo aguenta o bullying.
3760,104980857458147328,83455262,n,,,,,,Wanna see how I feel about bullying? http://t.co/gKPwex6 &lt;---- Watch that and you'll find out quickly
3761,105888581758894081,355963320,n,,,,,,@MLopezSanMartin ...y asi le fue en el bullying a la Gordillo; como que no le favorecieron los resultados...
3762,106069108226928641,123082578,n,,,,,,"How lazy is a french bulldog? Everything started swinging, but Keaton slept right through the #earthquake. No instinct whatsoever kicked in."
3763,106854325208358912,92346291,n,,,,,,"vou fazer teatro no final do ano , HAHA sou a mais feliz , e vai ser sobre Bullying"
3764,106917935305588739,288268132,n,,,,,,@matthewsays_ cada episódio matam ele de uma maneira diferente HAHA isso é bullying Q
3765,100975982533541888,134183963,y,self-disclosure,other,n,victim,none,@shannnesee Got! You always bully me. :&lt;
3766,106518095891415040,197537180,y,denial,other,n,bully,none,Seriously. What is up with everyone calling me a bully today. Im not even that mean!
3767,100259081184477187,265149866,n,,,,,,
3768,103655858776453121,223703963,y,self-disclosure,other,n,defender,none,@ian_ianization Hi ian! I everyday watch your show leh!! Dont bully ahya and zhiyong!! Dont join gang and lijie chou nu ren! &lt;3
3769,101369031352786945,312773548,n,,,,,,
3770,102945630237884418,101991421,n,,,,,,"@mrshananto punya prinsip, mengenal diri sendiri ? percaya diri. Kunci sukses aq nga ikut2tan bully ato gank nga beres waktu sekolahan"
3771,100209189770641409,235340304,y,report,other,y,reporter,none,@AntoineVillasBo what happen to your life? what makes it shitty? so you've been bullying? goodgood.  huhuhuhu.
3772,103085289492324355,288212914,y,report,other,n,reporter,sadness,
3773,104645961351053312,77867255,n,,,,,,"NOSSA, EU FICO 1 SEMANA SEM ENTRAR NO TWITTER DE TARDE, E QUANDO VOLTO JA COMEÇA O BULLYING @carolis_m"
3774,105715854771105793,225908394,n,,,,,,"@iSelenaNerd your pizza look so good, and i love see you happy, i hate when a person gets bullied, because i know the feeling, and it hurts."
3775,108327423514382336,38482480,n,,,,,,
3776,109001159053819904,40910607,n,,,,,,@glutenfreegirl - It constantly amazes me how big a problem bullying still is. Kudos for writing your post!
3777,101680404276322304,165001364,n,,,,,,Rebecca Black Leaves School After Bullying: 'Friday' sensation will now be home-schooled by her mother.By Jo... http://on.mtv.com/npPHwe
3778,103484713137745920,255053043,n,,,,,,Bullying incidents nearly quadruple in Nashua schools - Nashua Telegraph: Bullying incidents nearly quadruple in... http://t.co/lLAno5V
3779,104398619515432960,95257797,n,,,,,,U_U Le hacemos bulling a Laurita U_U
3780,106477166061031425,41020906,n,,,,,,@odairu vc sofreu bullying pq?
3781,102777577864822784,340369529,n,,,,,,@JohnsSuarez Sei isso e Bullying .#kkkkkk
3782,108246664178966528,220547360,n,,,,,,Meu pescoço deve ser mini pescoço D: porque eu to sofrendo bullying neesse exato momento HAUHAUAHUHUAHAUHAU
3783,101010241646366720,78458449,n,,,,,,“@BayouBadBoy: @DCLAUDE87 university of Phoenix” yea son they will bully you at university Of Phoenix! Lol
3784,102116454245212160,83105406,y,denial,other,y,bully,none,@mrssamirnasri @SRamsey0909 looooool how do I bully you shyyy? and the random 9 yr old started it! hahahaaa
3785,103623103665553408,117168085,n,,,,,,
3786,100339635116445696,271431499,n,,,,,,"half birthday on Saturday....bully for ME, picked up a shift at work that night"
3787,102876786697846784,176567483,n,,,,,,professora to sofrendo bullying tao me chamano de cara rachada
3788,105623191736692736,137005408,y,report,other,n,reporter,none,
3789,106717244695908352,192389705,n,,,,,,
3790,108691272751001600,77786440,y,accusation,other,n,accuser,anger,@jessiejofficial Isn't your single about bullying? yeah okay then why you bullying @BethMcAneny shes your fan thats fucking ridiculous.
3791,102275504161308673,239894866,n,,,,,,
3792,105516686442110976,191154227,y,accusation,other,n,accuser,none,
3793,106940048200568832,55484807,n,,,,,,El gobierno es seco para el Bullying
3794,107454184877592576,147810431,n,,,,,,
3795,104762734662524928,70880026,n,,,,,,
3796,105548111623106560,281612632,n,,,,,,
3797,107316828941983744,17116223,n,,,,,,And might turn victims into new bully...? Better than a victim nevertheless... http://t.co/AEqGWKE
3798,108023733758861312,234648828,n,,,,,,&lt;---- bully !
3799,108228642873675776,247631084,n,,,,,,"Tw nggak si kak..gra"" ngbelain kk yg d'bully sma antis..kta pn jga ikut d'bully ..ap kk nggak ksian ap sma kta?? @ilhamfauzie"
3800,108312930784776192,119826847,n,,,,,,@Mah_DamaroCB kkkkkkkkk tadinho do theu ): sofre bullying em casa é ?
3801,108651176609857536,94912172,n,,,,,,Fathers can have such an impact to help their Son or daughter through a School Bullying situation #fathers #twitterdads #family
3802,109120206802137088,85970356,n,,,,,,Um encontro e um bate papo sobre Bullying on Twitpic: http://t.co/udxW8Cl via @AddThis
3803,109122010021507072,171760757,n,,,,,,Manifestações contra bullying movimentam cidades de MS acompanhem amigos.http://t.co/CH1HXMH @ComunicASM @UCOBcomunica @iasd @iasdjovem
3804,106538967536648193,99661883,n,,,,,,
3805,107973128134733825,360124849,n,,,,,,
3806,101858642290147329,174818377,n,,,,,,
3807,106101281558503424,302704941,y,self-disclosure,other,n,victim,none,
3808,106233344504762368,270103951,n,,,,,,@TrevaHolden be a buddy not a bully :(
3809,106290989202800640,265252736,n,,,,,,
3810,107853033928531968,220836148,n,,,,,,at what point does this become bullying?
3811,109069934977486848,130536074,n,,,,,,@delphie94 likedat treat me lo u... My throat dam hurt. Don't bully leh :(((( okay lo meet u... So far again -.- zomg
3812,102467162219880449,313467156,n,,,,,,"Se você tem problemas com bullying, compre um cafeteira."
3813,104166033841061888,164541201,y,self-disclosure,other,n,defender,none,Please don't bully @shfly3424...kkkk
3814,105366950460403712,84440690,n,,,,,,
3815,106042703803981824,126762946,n,,,,,,@JujuFern_ sofrimento? Ele se jogou por causa do bullying eu ja estudei ai e sei como funciona as coisas tem muita gente ma ali
3816,109038482650968064,78380241,n,,,,,,@yasmimcaci @Bferrarii PAREM DE FAZER BULLYING COMIGO =( UHAHUAH BANDO DE PRETO
3817,101746455684976640,178060539,n,,,,,,Attended a session on bullying and cyberbullying.  Well worth the time!
3818,107511357859049472,185757846,n,,,,,,"Someone dosent deserves to be to be hated or bullying, less hurt in anyway. #stopthatbro"
3819,103309758676729856,88096476,n,,,,,,"Es que ustedes saben que amo a @bullysteria pero no saben porque, con este vídeo entienden :) 
CINE, MUSICA Y BULLY http://t.co/N7klH4t"
3820,107251834716037120,136397029,n,,,,,,o frio é bullying contra os solteiros. u-u
3821,108542360362827776,237572669,n,,,,,,
3822,108608182699573250,10392012,n,,,,,,#ebz Oh gather round me bully boys  And I'll zing you a zong  Of the windless waveless sunless Ze... http://t.co/mXNQLjV
3823,100682307173752832,134270776,n,,,,,,"Read my response to ""voc é contra o Bullying? mod 1"": http://4ms.me/r7jMAS"
3824,104604590925824000,346440125,n,,,,,,Bully Tools 92312 24-Inch Lawn reviews http://t.co/5EfSF6w
3825,105108139103363072,252255722,n,,,,,,"Today, 17 teens will take their own lives due to bullying. http://t.co/T6k6BRP"
3826,108220648828043265,284032525,n,,,,,,
3827,108893035651272704,218553419,n,,,,,,"There's No Such Thing As A Bully: Adults, Too?: When a student makes a very important observation, the author is... http://t.co/wITIZFU"
3828,108991588193148928,142752285,n,,,,,,"Read my response to ""Você já sofreu bullying?"": http://t.co/t5zUUJ1"
3829,108215294543138816,238031155,n,,,,,,kasian ya ka @ilhamfauzie hari ulang tahunya malah di bully SB
3830,109125505697054720,48134080,y,self-disclosure,other,n,victim,none,"And on top of all the shit that's happened already, I think I'm ALREADY being fucking bullied -_- Btw, it's only 7 days into skool -_- #FML"
3831,105805212849152000,234103393,n,,,,,,
3832,108680975575293952,280081502,y,report,other,n,reporter,none,"@Ken_end relentless bullying of dan, stupid fucking accents, and his story lessons.. he is a top guy!"
3833,108931481178603520,50722207,n,,,,,,Bullying felino http://t.co/h3lUhN7
3834,101872319840010240,169185189,n,,,,,,"@karenkrein a ñ bi ixo é bullying !!! A tri
Mas eu tô ligado infelizmente já vi vários pior q eles tm msmo 7;/"
3835,102205745470242816,282671850,y,self-disclosure,other,y,victim,none,@T__Lourdes aww hugss loool u was bullying me not long ago
3836,105786794506854401,215164615,n,,,,,,é o bullying mental!
3837,105853199008808960,40130273,n,,,,,,
3838,109038788768047104,253738330,n,,,,,,
3839,104147297788641280,209300024,y,accusation,cyberbullying,y,accuser,none,
3840,104335312808972288,95981381,y,accusation,other,n,accuser,none,@islasays bully
3841,101759595625721856,164980930,y,denial,other,n,bully,none,I ain't even big enough to be a bully
3842,105638866094006272,44621942,n,,,,,,"@ABYmonster @kesleylim @nicollette_ ya lor equals to bully alr. Haha kes, aby misses you!"
3843,105798592345817089,68257359,n,,,,,,@laressays isso é bullying
3844,106399525769449472,123059246,n,,,,,,"O sofredor de bullying de hoje, é o mais bem pago de amanhã."
3845,107927334086131712,16532761,n,,,,,,sabe pq todo mundo fala do curintia? Bullying. Os mais fortes sempre gostam de zuar os mais fracos. ;)
3846,108731363401805824,325647300,n,,,,,,
3847,101762909683716096,262321162,y,self-disclosure,verbal,n,victim,none,@terryjr91 Yeah. Mostly it was this one guy who verbally bullied me at school and on my LiveJournal/everywhere online.
3848,104234933932920833,161772821,n,,,,,,@_VickySecret_ lol. I'll bully u!
3849,106116736557920257,225174844,n,,,,,,"Kiosked selected as White Bull 2011 Bully Award finalist, see http://t.co/W8hbg4N"
3850,103833248391639042,162811315,n,,,,,,aiyo play the game la. Don't need to bully all..
3851,105968242631262208,60681312,n,,,,,,Frio é bullying contra os solteiros.
3852,101707544266932224,306431544,n,,,,,,@Die_Reyes BBF (Best Bully's Forever) ILoveYou:*
3853,103887816265703424,273081205,n,,,,,,
3854,104981455981117440,191864630,y,report,other,n,reporter,none,
3855,105851004527984640,284300346,n,,,,,,Hey @timoshei! Did you get my email a little while ago about the anti-bullying campaign? I havent heard anything back yet.
3856,102766332814180355,78319048,y,self-disclosure,other,n,bully,other,
3857,102942208671498240,326527535,n,,,,,,@hsoferr you are DEFINATELY not a bully! These people be trippin'
3858,103131855884263424,125112697,n,,,,,,S/o to the skunk who sprayed under the deck last night to let the dogs know what was coming for them if they went outside. #bully
3859,105405459783094272,68852295,n,,,,,,
3860,106758475484372992,139427278,y,accusation,cyberbullying,n,accuser,none,"@NoArtieNoParty Yeah yeah yeah, you cyber bully."
3861,100260028933615617,230788484,n,,,,,,Did you get to meet Reiko? I bet she was quite a bully.
3862,103789181356093440,314824190,n,,,,,,
3863,107152261687418880,214108364,n,,,,,,"@mateosstory Thanks! I think he deserves most of the credit. He did fear bullies, but found his school has anti bully culture from top down."
3864,102573279860105217,40184014,y,accusation,verbal,n,accuser,none,
3865,105707166010310656,144273749,n,,,,,,
3866,106498894866817024,24710832,n,,,,,,@KyTuck @timmyblog @Im_Allen the wonders of cyber-bullying!
3867,101353935083798528,230019992,n,,,,,,@find_ch @natedogreimer you didn't seem like the bully type in high school.
3868,102409828282019840,169558193,n,,,,,,
3869,102564836315119616,75628685,n,,,,,,
3870,101006069471518720,83592774,n,,,,,,@Alnitak10 @Srta_Kruger ajajaja uta y pk llorai? menos mal que el bullying era pa mi ah xDDD
3871,101655303963156480,65686889,y,accusation,other,n,accuser,none,@LaurenALBoswell Go away! Bully! &lt;3
3872,106336321072672769,75334752,n,,,,,,Kangen d bullying anak kostan (-???-? ?--????)
3873,107463249041178626,34664379,n,,,,,,If u go outside u must be tryna get pushed around like a bully lol
3874,102646386633351168,176851240,y,self-disclosure,other,n,defender,none,@utaunenami_bot Is it okay that I punch every guys who is bullying you? :)
3875,105052909590421506,335475189,n,,,,,,"@beliebers_teen é bullying por que quando tem ing é sempre no final, maior frescura dos americano :S"
3876,107175883009298432,202709224,y,report,cyberbullying,n,reporter,none,
3877,105431735021481984,280927467,n,,,,,,
3878,106553952224542721,175870518,n,,,,,,@ArianaGrande What do you think of bullying?
3879,107967853310918657,336924567,y,self-disclosure,other,n,bully,none,
3880,109113575552978945,113495751,n,,,,,,
3881,101835110558597122,187543590,n,,,,,,
3882,102059212078714880,60449935,n,,,,,,@feffyth Cara todo mundo já sofreu bullying na vida e nem por isso temos uma população de homicidas.
3883,102705357905862656,342811355,n,,,,,,
3884,103081523812638720,137916402,n,,,,,,"Niñas, reinas del “bullying” en escuelas privadas - El Universal - DF - http://t.co/yTRultW"
3885,104306400775241729,46247167,n,,,,,,Street Bully Walk YEAAAAAAAAAAAAAAAAA
3886,102151823707746304,170009174,n,,,,,,
3887,104112396699832320,344333579,n,,,,,,News from the Blog:  Workplace Investigations – Harassment & Bullying http://t.co/LesKc0V http://t.co/4BKezNB
3888,104384197774413826,72675900,n,,,,,,@MonicaLuck jajajajajjajaja tu eres la #BULLY jajajajaajja C:
3889,104672636491149313,201562168,n,,,,,,"Não é preconceito, e muito menos bullying, mas quem tem orelha grande, não deveria usar boné com as orelhas de fora!"
3890,105454175428673536,354553131,n,,,,,,
3891,108233908117700608,233960891,n,,,,,,Bullying depois de velho é nóis! ahhahahahhaha http://t.co/mYCPcJJ
3892,103127160688095232,187754437,n,,,,,,"""@SouthBully:  : AYE!!!! by SOUTH BULLY. Play: http://t.co/4JpPHvz"" Atl street anthem @DefJamRecords @WakaFlockaBSM @gucci1017 @2chainz"
3893,105786228850429952,62622394,n,,,,,,Não é bullying se eu jogar um tijolo na sua cara e fingir que estava brincando de pedreiro. http://t.co/s7rSzI8
3894,107607443445522432,335009959,n,,,,,,Frio é bullying contra solteiros :( KALSASLASLLSALSLA'
3895,102825252073111552,202020808,y,accusation,other,y,accuser,none,@OoohNicole Your a bully xD
3896,104632532057849856,81184896,n,,,,,,"@marcobaima pratica bullying. fala alto enquanto a pessoa faz a pergunta, tosse, ri, arrasta mesa. Dá certo, minha turma já fez isso."
3897,107186604879265792,155237599,y,denial,other,y,bully,none,":O lol, i'm no bully!  @NiNoBlakk2x"
3898,107283415669276672,244353038,y,report,other,n,reporter,anger,"So after they take that classs , they still bully? #Smh! Oh fuck no! They got the Lil'Girl :O #nowimmad!! ]:&lt;"
3899,108110482283560960,32887456,y,report,other,n,reporter,none,Thought @PerezHilton was gonna stop being a bully #journalistnotacritic #hater
3900,108376697463767040,291952241,n,,,,,,@bellathorne143 BULLYING WE'LL STOP IT!!! http://t.co/2bNDKrD
3901,102807430257311745,90919431,y,self-disclosure,other,n,defender,none,"@kesgardner Yes, but now is the time to have the family argument. Later we unify to take on the neighborhood bully."
3902,102931492207984640,311767222,n,,,,,,
3903,105954130706710528,293593896,n,,,,,,Si mjjeje itu di bully di MV Balloon. Omfg cuteness overload. Yaong! :3
3904,108180980824674304,221687521,y,self-disclosure,other,n,bully,none,While One Of My Besties Is Showing Sympathy The Other One Is Trying To Call Me A Bully..!!!
3905,102573933328482304,49775688,n,,,,,,"zoar Botafoguense é bullying, zoar Fluminense é homofobia, zoar Vascaíno gera um processo no PROCON (freguês tem sempre razão)."
3906,102792126819090432,64815033,y,self-disclosure,other,y,bully,none,"@WilkinsonLuke yeahh, i bully you.. of course ;) no cause i dont... nah, i just couldn't be bothered #awk"
3907,103493114739699712,128258493,n,,,,,,@ItsmeBreandan  Whats wrong with Ballymun???. Apart from the fact that decent residents there are being bullied by D.C.C and B.R.L
3908,106619822707703808,241529388,n,,,,,,Memorial vigil to  include anti-bullying message http://t.co/6NbWung
3909,108253522176385024,195061375,n,,,,,,Lmfao he stole ur girl so u put him on bully beatdown...
3910,101754341274296321,19836173,n,,,,,,I won the HELPING HAND achievement in Bully: Scholarship Edition for 24 trueachievement points - http://tinyurl.com/6do3bqe
3911,106158054512406529,347853233,y,report,other,n,reporter,sadness,"Craig was 12, a belieber and committed suicide because of bullying :'( #RIPCraig #STANDUPTOBULLYING"
3912,106858787230597120,161948522,n,,,,,,SEPH ofrece asistencia especializada en casos de Bullying. http://t.co/5Eeg6Gr /via @wordpressdotcom
3913,105400943041970176,44204292,n,,,,,,Moda do momento/como se fazer de coitadinho: Eu sofri bullying na escola. buááááá...
3914,105829915986903040,122234682,n,,,,,,@valefpd pero al q le hicieron bullying fue a mi poos :C ahahha oye si es rico el catchow viene rellenas con pescado 1313 asiq perfect ojajo
3915,106083001380765696,80284026,n,,,,,,"Bullying victims often suffer academically, particularly high-achieving blacks and Latinos http://j.mp/rbMbYZ, =("
3916,106341958221430784,44127968,y,report,other,n,reporter,none,"@kawann_12 being ah bully , ha ga cant beat nobodt up !"
3917,102128320229031938,236591492,y,report,other,n,reporter,none,Rebecca Black Quits Middle School After Bullying http://t.co/Aq51ECt
3918,103608123264217088,79873874,n,,,,,,se quiserem cometer bullying comigo é só perguntar se to namorando
3919,106178171321335809,165892968,n,,,,,,"""Bullying""is a reality. And there's a lot we all can do by just smiling and caring about people. We can stop people from dying! @DarrenCriss"
3920,108334202587586560,69671485,n,,,,,,
3921,102419606462922752,232668502,y,self-disclosure,verbal,n,victim,none,
3922,106017990818021378,274370694,y,report,other,n,reporter,none,#StrongHeart Evil Kyu is on roll. bullying Hyuk xD
3923,108372068025892864,134227225,n,,,,,,@SquirtGG lmbo true patience is not in bully vocab
3924,109081267169013760,40635657,n,,,,,,@1AndyJonas #Bullying....
3925,103678400987803648,261902606,n,,,,,,Lmaoo treasure searched for a cyber bullying video
3926,104102898283184128,25661299,y,report,other,n,reporter,none,@xLilStarx @AlexisJordan I'd say pro-labor as they call themselves engender the most bullying as they're weak & bully the people themselves.
3927,105526459023630337,155068245,n,,,,,,
3928,106596648444108801,349432563,n,,,,,,
3929,106660847073509377,81636838,n,,,,,,"Read my response to ""Sofre bullying?"": http://t.co/kUGAGZq"
3930,107628639876685824,278365020,y,report,other,n,reporter,none,
3931,106874767231033344,80182369,n,,,,,,isso é bullying? KKKKKKK
3932,108386805828681729,272758325,n,,,,,,
3933,100256549997510656,349780564,n,,,,,,"@YvonneOkoli, You never Bully me :D"
3934,102200434076295168,273119115,n,,,,,,
3935,103293807004614656,69727029,y,denial,other,y,bully,none,"@Ooooh_NaNa @_lovejade 
lol im to short to b a bully. lol"
3936,104222583481843712,298043568,n,,,,,,
3937,104289688344465410,254250687,n,,,,,,
3938,105411283326738434,337292713,n,,,,,,The Bully Project Trailer 2012 HD http://t.co/17dY3Qt
3939,101309478384836609,119061320,n,,,,,,"@firliannur kudu di bully heula eta mah, dia bikin akun umum tp jawaban pribadi dan subjektif semua... Latih heula gera jig"
3940,101881063495835648,123626946,n,,,,,,
3941,107903339735420928,360872775,n,,,,,,
3942,102891259370274818,355156508,y,self-disclosure,other,n,victim,none,@TheCodySimpson u care sooo much for people who get bullied everyday like me plzz retweett
3943,104050217179025408,184048857,n,,,,,,tava conversando sobre os tempo de escola e um amigo meu acabou por me fazer perceber q eu praticava 'bullying indireto' com os profs. omg!
3944,104578102226731009,357636222,y,self-disclosure,other,n,victim,none,"@mel_star90 i'm getting bullied about my phone, :/ lol need to do something about it sooon! lol"
3945,107429297215635458,100498056,n,,,,,,"Senasib kita :( ""@ladybugverta: Perasaan sma itu udh berakhir dr 2 taun yg lalu tp knp gue masi tetep aja di bully -_-"" nyeeeeeh!"""
3946,108339249568423936,263315561,n,,,,,,
3947,102031376471171073,276931099,y,self-disclosure,other,n,victim,anger,"Dear people who use to bully me, when you hear my name hope it gives you hell, hope it gives you hell. Sincerely, me. #WTAT"
3948,104862710730194944,334037479,n,,,,,,
3949,104901845641732097,103236359,n,,,,,,"@FebrianRoman halah mau aja :p wkwk
lu bully kan bisa #anjirjahat
udah. bales weh. ntar salah nomor lagi x_x
jeh dodol kan haha"
3950,106471990176653312,15675233,n,,,,,,POLÍTICA: Câmara aprova Programa Trote Solidário Cidade e Combate ao Bullying http://t.co/uKErp0P
3951,108252549915750400,359460445,n,,,,,,"Olha que absurdo, na minha escola pode ir de chinelo de qualquer marca, menos Havainas, isso é preconceito, Bullying.!! kkk"
3952,101473803963600896,208945735,y,self-disclosure,verbal,y,victim,none,
3953,107217730243014657,22631774,n,,,,,,
3954,107243351069310976,29902677,n,,,,,,@Chespirito_RGB: Uno de los founding fathers del bullying versión naïve.
3955,108084305699422208,354798427,y,self-disclosure,other,n,victim,none,
3956,100211708710240256,242382339,y,self-disclosure,other,n,victim,none,
3957,102730819231166465,6872532,y,report,other,n,reporter,none,Mir complaining 87line bullying him ! HOW CUTE !
3958,104218492869419008,155657076,n,,,,,,
3959,102263149167771648,41648915,n,,,,,,
3960,104914149246636032,99087758,n,,,,,,
3961,101487046446694401,158000884,n,,,,,,Sofro Bullying por ser Corinthiana.
3962,102379185410027520,189880806,n,,,,,,I liked a @YouTube video http://t.co/Tjzc6qN Jessica Jarrell Bullying
3963,102533927679438848,101116702,n,,,,,,Getting bullied by your boyfriend.
3964,103526260063473665,139838267,n,,,,,,menino menina abestado abestada uq é bully................................................ é bully d café/// riu mt com prof tititica
3965,104568731778285569,135040936,y,denial,other,n,bully,none,@SHINeeSOOAH aww D; we dun bully lol we jus joke around xD
3966,105430902951251969,148111013,y,self-disclosure,cyberbullying,n,victim,none,"Stress,cyber bullies,crying every night,holding a secret,about to blow = uh oh...that was me"
3967,107395299085008896,131482264,y,self-disclosure,other,n,victim,none,#iwasthatkid. That everyone hated /bullied and made fun of I never understood why but some how made it. DON'T GIVE UP!
3968,103857378096709634,215722085,n,,,,,,The ugly road to bullying. http://t.co/I3MSUlW
3969,105131068411224064,60913507,n,,,,,,"@brunaslytherin Eu era feio (ainda sou), estranho,  excluido e alto d+... sofri bullying durante minha vida inteira :-("
3970,106890866358099969,97565136,n,,,,,,"No había reflexionado respecto a las actividades que realizo en mis horas libres hasta hoy, practicó el bullying."
3971,106902017380855808,92356864,n,,,,,,El bullying se incrementa en escuelas de Poza Rica: Profesores de nivel primaria y secundaria coinciden que la v... http://t.co/qmxY516
3972,107981520714743808,358266344,n,,,,,,
3973,103579549102645249,98058942,n,,,,,,Bully beatdown jkhsjahsjahsjahsja
3974,105444046713012224,318631749,n,,,,,,
3975,106482318029504512,237113572,n,,,,,,
3976,107101533535084546,82938620,n,,,,,,"Agora sim voçês vão descobrir o real sentindo da palavra Bullying, -KKKK,"
3977,102512000717946880,42867956,n,,,,,,
3978,103139432051384321,14156415,y,accusation,other,n,accuser,none,
3979,103657243970502656,219840796,y,accusation,other,y,accuser,none,
3980,104362853531783168,64909297,n,,,,,,@bullysteria @12_Princesas aaaaauuuuuush animo Bully!! eres el mejor principe y asi ;)
3981,106472769763549184,349198033,n,,,,,,@106andpark #If I Ruled The World Everybody that was bullied wouldnt be anymore. :)
3982,107544553745170432,14302884,n,,,,,,Bullying nesse povo que fica causando na Paulista pedindo o fim do bullying!
3983,101818372358017025,103905721,n,,,,,,"AGORA SE PREPARA PRO BULLYING TOTAL, MEU QUERIDO.. 324 NÃO LARGARÁ DO SEU PÉ"
3984,105628824686956544,88786689,n,,,,,,"Your music gets bullied
Your girl gets bullied
Your radio gets bullied
Your club get bullied
You get bullied
The whole world get bullied"
3985,106062211465756672,258984268,n,,,,,,
3986,106313706681532416,143710266,n,,,,,,Reblog if you are against bullying - › this must have more notes http://t.co/vzDqKfp
3987,107621388122206210,46318016,n,,,,,,The Cirque Du Freak Set Looks Like The Bully Game
3988,107694271313874944,218576888,n,,,,,,"""@Tata_YO: No hay nada mejor que molestar a @natContrerasT y aparte que me haga caso haha// eso es BULLYING !"
3989,108787583038926849,24287407,n,,,,,,Yes a midget kicked me.....felt like a bulldozer shoved me
3990,100603165413609472,211431229,n,,,,,,
3991,105825534302371840,225488429,n,,,,,,
3992,101932595595591681,175186394,n,,,,,,
3993,106485383277182976,97745154,n,,,,,,Frio é bullying contra os solteiros
3994,106633167590531072,185492854,n,,,,,,"Maksud deh si nida -____- masa foto nya di tag ke gue , minta di bully dia -___________-"
3995,103643513446596608,231219120,n,,,,,,"""Pe Lu mostra que é bom no futebol, e Thomas revela ter sofrido bullying"" http://t.co/tnpnO29"
3996,104372999150518272,136777034,n,,,,,,
3997,104912044096102400,100526972,n,,,,,,"""@rexsanchez: El niño genio de la UDLAP renuncio a la carrera por el bulling de fernando rivera"" es neta????"
3998,106682085774860288,350650974,n,,,,,,
3999,106951084613971970,227921221,n,,,,,,
4000,107008201450463232,63842639,y,report,other,n,reporter,none,@MindGrowth &lt; biggest bully alive .. :(
4001,101975257094684672,280492580,y,report,other,n,reporter,none,
4002,105479926026747905,73323589,y,self-disclosure,other,y,bully,none,Lmao why did me and Char just bully andre in to buying us waters
4003,107917264174596096,195873486,n,,,,,,I hate writers block. Like there is so much that I know about bullying being bad but I can't put in in words -__-.
4004,100153267362869248,179400048,n,,,,,,
4005,103844887274852352,179538219,n,,,,,,"coitado do meu irmão, ele sofre #bullying auhsuahsuhaush"
4006,103913470503813120,32633139,y,self-disclosure,other,n,bully,none,
4007,103942266795728896,232918809,n,,,,,,I think Rogers student plan commercial stinkx. It demonstrates an example of #bullying. You could have done better @Rogersbuzz. #justsaying
4008,106473340818030593,125495045,n,,,,,,@AmandaVsc26 @nxavieer ain jésus viu UAHUAHSUASHAUSA to sefrendo bulling agr KKKK
4009,102428141515055104,65103253,n,,,,,,Sofrendo bullying por ter vindo de cidade pequena.
4010,103576184754946050,37476983,n,,,,,,@_camila_diniz olha o bullying cameeeeel hahhahahahah
4011,105389742987804672,216461989,y,accusation,other,y,accuser,none,@Stevie_Bull saw yow pullin out of the Molindump in your big black Bee em double yow satday Bully! I day wave coz day want you to crash.
4012,104621498152648706,357918897,n,,,,,,"@sophiabush follow me, and spread the word to people I am trying to get the message of anti bullying out! Please help me,I cant do it alone!"
4013,108013537200324608,95612757,n,,,,,,"I'm not against rap. I am not against hip-hop. I am against bigotry and inciting violence, rape and bullying."
4014,102157616800727040,174023504,y,accusation,cyberbullying,y,accuser,none,@RichhRumors plz dnt tell me u a twitter bully lol
4015,106484637521551360,104883964,y,report,other,n,reporter,none,
4016,101523032916504577,308762158,n,,,,,,The Bully at Work: What You Can Do to Stop the Hurt and Reclaim Your Dignity on the Job http://dlvr.it/bn8wZ
4017,101714341446950912,216394528,n,,,,,,
4018,102098558307680256,254187164,n,,,,,,"@OrgulhoPedroN Af que bullying, meu pai é um animal , mas nao precisa jogar na cara naum '-' Sua chata ...era um animal ?kkkkkkkkkkkkkkkkkkk"
4019,101776670507278338,263446193,n,,,,,,@KayyP34 . On Monday plss don't bully me ! Ahaa
4020,102684976750931968,230388216,n,,,,,,
4021,103415029868666880,94047003,n,,,,,,
4022,103654890181640193,273489951,n,,,,,,#NEWS Defeat the Label are honored to have @MileyCyrus and Cody Simpson as support to stop bullying.  http://t.co/ToRwzId
4023,106035598602665984,38939777,n,,,,,,agora sim : que comece o bullying
4024,101754251402944512,257935730,y,report,other,n,reporter,none,Are you guys building a treadmill in there though? @cchhrriii @claiirebearr ... @mandafrappp is bullying me and my shocks
4025,102819816347410432,313799471,n,,,,,,#Bullies When Bullies Attack What does your child do when every http://t.co/rvbV5NG
4026,104605048356610048,109710371,n,,,,,,
4027,105618806998695937,326543946,n,,,,,,
4028,106325729226137600,79517905,y,report,other,y,reporter,none,@Shulinggy u being bullied not new :P
4029,106494476469542913,350584115,n,,,,,,@0Sanah0 Yh but but u forgot about coconut bullying cus I haven't as I mem everything u said lol for moments like this :)
4030,107184248372477952,229882886,y,report,other,n,reporter,none,"@RudeAssYessy i feel you , but if you fight her & WIN , don't you think they gonnah think you really IS bullying her ?"
4031,107369159079378944,64062941,n,,,,,,@Buffy_TheBody Ctfu...Once again there you go trying to hard..It look likevI get bullied tho?  Fuck im in middle school? Lol
4032,108484251195936768,29977615,n,,,,,,
4033,102334301122732032,44610621,n,,,,,,#News :- 'Financial Services Compensation Scheme reprimanded for bullying ...' http://t.co/BjO7XU2
4034,106400780105433088,360840788,n,,,,,,Thompson School District has a new website to support our community in dealing with bullying and cyberbullying.  Check it out!
4035,106870700396122112,210241599,n,,,,,,eu já to sofrendo bullying --' haha @ba_previde
4036,100989756502061056,275089624,n,,,,,,
4037,102545561076510722,18412950,y,self-disclosure,other,y,bully,none,"Glad to be back home! I missed my bed (as stated earlier)! & I finally have fast internet & cable! Oh, & (bullying) my mother.. LOL"
4038,102807029390901249,232317822,n,,,,,,6 - Eu ja sofri Bullying por causa dos meninos =\ DavidMauroCesarRicardo
4039,105032813190983680,355334374,n,,,,,,
4040,106889862451445760,338761803,n,,,,,,Grieving Mom Forms Group To 'Rise Above' Bullying Environments (NBC) http://t.co/pmUr55B #news #Columbus
4041,107067427581460480,300217181,n,,,,,,Não é bullying se você vai forçar o meme...
4042,100346783842045952,148999707,n,,,,,,
4043,100961024643039232,351587680,n,,,,,,"if you are proud to be from birmingham help spread condemnation of any rioting/looting tonight - proud of @astonvilla, proud of @Bullring!"
4044,102849462824734721,177711292,y,self-disclosure,other,y,victim,none,"@allweknowisamy I do not live on a farm! xD Ugh, you're such a bully. I don't even sound like a farmer?! :L"
4045,107990965884698624,224016904,n,,,,,,"Por que sempre que a Jesse J vai cantar, sempre entra aquele homem falando? Isso é bully"
4046,102976474096742400,323661845,n,,,,,,@FukMyNamE IMA BULLY
4047,103649593920729089,243204054,n,,,,,,"“@camilabrilhant: @tauanamoletta @alyssandra_ Genten, convivo com a Lentícia, tenham paciência :(( IUHAIEUHUAIEH” olha o bullying -.-"
4048,107098406446563330,80103412,n,,,,,,ain gnt eu fico mt puta com quem pratica bullying namoral
4049,101772093389152257,34730759,n,,,,,,"Se você tem problemas com bullying, compre um cafeteira. #tosca kaspdkaskdk"
4050,104318773535834112,61019988,n,,,,,,Chamar o melhor amigo de feio é bullying
4051,104883016593195008,281035147,y,report,other,n,reporter,none,@twinkz_fasho yes he his lol shit he bully his own mama lol
4052,105799675247988738,202815774,n,,,,,,"Even Psychology Today got attacked for ""Bullying."" How can we make ANY progress if mere information is accused of... http://t.co/ilzXk2L"
4053,106496960030187521,32682385,n,,,,,,
4054,109107809823637504,66180371,n,,,,,,
4055,100203097686679552,237714233,y,self-disclosure,other,n,defender,none,@hsujunhao why you all bullying him?? #chinstopcrying #kohchincries
4056,101000851950280705,188154892,n,,,,,,"nossa mano, a erika num sabe me dar oi normal como todas as pessoas, ela tem que me bater .. isso é bullying ta dona 
@erikanasc_"
4057,101493316004220928,297771329,y,self-disclosure,other,n,defender,none,"@Amelia_Loves_U Wow kid, you need to'stop, bullying Perry. That's just...wrong on so many levels.."
4058,107068966521946112,65454330,n,,,,,,"VIU GENTE, É ISSO QUE O @jojicozzolino SEMPRE DIZ ""@victoroliveira: Não é bullying, é sinceridade."""
4059,107537872223084545,353925210,y,self-disclosure,other,n,defender,sadness,@BOTDF_Freaks it's not her fault she got bullied about her weight and what not :(
4060,108485120243138560,269379633,y,self-disclosure,other,n,bully,none,"@bigrennies it was this robot that always talked to you and gaves you facts and useless information lmao, but it was fun bullying him"
4061,101327203765190658,18553167,n,,,,,,@simonpegg isn't the whole mag just bullying?! It's like a bitch you can keep in your handbag
4062,103799854777634817,132273912,y,self-disclosure,other,y,victim,none,
4063,103955744008843264,186668321,n,,,,,,played the song 'Another face in the Crowd' by Clockwork Bully on @myspace http://t.co/j7bHeDp
4064,106504892113354752,341656170,n,,,,,,"to fazendoo os temas de artes,aii qe sacoo,tem que fazer um desenho sobre bullying;ninguem merece -.-"
4065,108335381421895680,197241815,n,,,,,,não sou artista de globo e não saio em revista dizendo que sofri bullying.
4066,108660990647861248,186004625,n,,,,,,@BellaGarrettFan Please go like the facebook page to help stop bullying http://t.co/3QI4W52
4067,103060155553427456,337484972,y,report,other,n,reporter,none,Rebecca Black Forced to Be Homeschooled Due to School Bullying … http://t.co/fIeKRXI
4068,105805944088305664,114300519,n,,,,,,
4069,106511542832480256,99783590,n,,,,,,
4070,106625793282670592,51765230,n,,,,,,Titanium by @davidguetta and @siamusic would make an awesome anti bullying song haha :) #fb
4071,105065499460767744,210599474,n,,,,,,
4072,106115972502523904,78358330,y,self-disclosure,other,n,victim,none,4. I get bullied.
4073,106512194052698112,82806918,y,self-disclosure,other,n,victim,sadness,"So like i'm so sick off these girls bullying me, just makes me wish there was no such thing as bullies or school. :("
4074,106024899923030017,38407885,n,,,,,,"Never be bullied into silence. Never allow yourself to be made a victim. ""Accept no one's definition of your life; define yourself."" #quote"
4075,106873107628818432,136106592,n,,,,,,#bullying justificado : a pessoa usa crocs verde limão e depois não quer ser xingada..xD
4076,106908523169972225,197631238,y,self-disclosure,other,n,victim,anger,feel like Im gettin bullied into babysitting tomorrow night so my sister can go get laid. absolute bullshit. Not sure what 2 do @cruzinruby
4077,107970366416224257,314094338,y,self-disclosure,other,n,victim,anger,@J_Swagg93 STOP BULLYING ME .
4078,101335110137294850,171744009,n,,,,,,OG bully look dog
4079,102957245691731969,59718604,n,,,,,,"Dulu saya jd korban verbal bullying, saya diem aja. Pas mrk beralih ke fisik saya ngelawan dan mrk kalah. Think twice b4 u touch my skin :))"
4080,106016750650392576,95694023,n,,,,,,"Read my response to ""Ano ba talaga si Cristopher Lao? Bobo/Tanga o Batang na-cyber bully lang o sadyang hindi lang…"": http://t.co/E7AbPpr"
4081,106872428331937794,208744331,y,self-disclosure,other,y,victim,none,@DyamondNDaRough Protect Me from The bully imma Be In The Bully Protection Program they gon change my name and move me to alaska Ctfupppp
4082,107227237031485440,216174866,n,,,,,,Gostei muito do que o cantor @justinbieber  fez ao colcar o menino #CaseyHernes no palaco pra cantar com ele! DIGA NÃO AO BULLYING
4083,100651428917424128,50604953,y,self-disclosure,other,n,victim,none,
4084,101323180416827392,97761486,n,,,,,,
4085,103276271009665024,131298139,n,,,,,,
4086,104226813991067649,137015006,n,,,,,,
4087,105438083029286913,56819501,y,report,other,n,reporter,fear,"I'm sorta scared for Vinny in high school. He was bullied for wanting to dance, but most likely that's over.... http://t.co/sIinaWs"
4088,105766362210770944,353286075,y,report,other,n,reporter,none,@xMarkHenry @xzackryder @xnattiebynature -_-he is a bully ugh! God
4089,107979099204632576,276211471,n,,,,,,@kalualonso @panchomoragas @drigoigo paren de hacerle bullying a mi amiga!!!!!
4090,100100122943295488,255337497,n,,,,,,"Today, 17 teens will take their own lives due to bullying. http://tumblr.com/x0n3y3q5rb"
4091,100985828901265408,136014876,y,self-disclosure,other,n,victim,none,I'm being bullied!! @WetDreams14 @LucienChristian @Future_MD @MJEM989 @byrd8901
4092,105732324154548225,61018212,n,,,,,,Think im bad Nal i kno Call me a bully Nal i jus dnt get dat sht Pussys get abused and misused not TJ Play wit fire and get burned #Cold ...
4093,106423451622969344,129948846,n,,,,,,"fuera feas, fuera feas, para ustedes no hay lugar. Si ese tema salía un tiempo antes, lo implementaba como arma de bulling.-"
4094,103889064922578944,224913667,y,denial,other,n,bully,none,@kmakms Why? I am not bulling you... I love you bec you fail... I dislike perfect ppl like Saga chii sama #savesoulmate
4095,104752439957262337,31418182,n,,,,,,Tolong saya di bully sama @erwindombos (????.???) ( ????^????)
4096,105842090403045377,359252033,n,,,,,,@GinnaCont jajajajajaja tu! Bullying a mi? xD #NoMeHagasReir
4097,107960658309554176,14983929,n,,,,,,"Why do they call bully ""le boulevard cafe SUPER club""? There is nothing super about that place. More like super RATCHET club."
4098,108153299596877826,261836702,n,,,,,,Now Jim bloody Davidson's appearing in my timeline. This is tantamount to bullying! *headbutts the screen*
4099,101716585810636800,77833941,n,,,,,,"@deppedropaulo Por favor, conheça o projeto de COMBATE ao BULLYING! http://t.co/I4AuRSh"
4100,104592244178300929,57428507,n,,,,,,@janlokpal  More thn coruptn/Anna its people of India's retaliatio for al th scams th govt has dne.The govt hs bullied us now its our turn.
4101,100317352285057024,23124235,n,,,,,,@AlexAllTimeLow Bully? What?
4102,103181265510998016,96830602,n,,,,,,Comigo é na base do bullying
4103,103613791010426880,116236371,n,,,,,,até dentro da minha própria casa cometem bullying comigo e tal
4104,105832075063599105,94414070,n,,,,,,
4105,106571937366544384,236148654,n,,,,,,#IfIRuledTheWorld Nobody Would Be Bullied #RealTalk
4106,100227543168327680,255045707,n,,,,,,Watching cyber bullying this movie is sad and true
4107,101767652506218496,142301043,n,,,,,,"Meninos do Tumblr são assim: - › Meninas do Tumblr são assim: › › E eu, sou assim: › › Isso é bullying. http://tumblr.com/xek41ex5gp"
4108,102167366250659840,37456830,n,,,,,,@meeriehillyan meh. Yung bully.
4109,102870439688282112,298910710,n,,,,,,
4110,104975463906160640,103852703,n,,,,,,"Read my response to ""Acha que bipoloridade, falar que sofreu bullying, cutting, etc virou modinha?"": http://t.co/SquXIMG"
4111,105970129334046720,123443259,n,,,,,,Guru wes tuwek sek iso di bully ae wkakakakka
4112,109026276743987200,246525771,n,,,,,,
4113,101438749182935041,132877541,n,,,,,,
4114,101833436972584960,276073879,n,,,,,,ISSO É BULLYING AAAA
4115,105050224501854208,20193504,n,,,,,,@Josh_pvfc Maybe he won't fall out with anyone here and won't be a bully either if he knows he has talent to work with.
4116,106456244981739520,332512595,y,self-disclosure,other,n,victim,none,
4117,108711529402212354,21156057,n,,,,,,Bullying is BAD!  Three men arrested on extortion charge of The Shack Waikiki | KHON2 Hawaii's News Leader http://t.co/eMOIcTP via @khonnews
4118,102560708532781057,29558158,y,report,other,n,reporter,none,"@ALotLikeVegas_x Some people get under my skin , espically when they are bullying my sister &lt;3 :P"
4119,104258655683215361,97548222,n,,,,,,to com vontade de jogar bully rs :) já que as pessoas aqui do msn não querem faalar comigo
4120,104298282389475328,85101076,n,,,,,,"Namoral, quem se corta dizendo que é por amor ou porque sofre bullying, se cortar não vai resolver nada, e... http://t.co/6Er8WPt"
4121,104999936462036992,358929294,n,,,,,,
4122,106023876844199936,224755930,n,,,,,,
4123,106377079498620928,206551777,y,self-disclosure,other,n,bully,none,
4124,103326814109315073,33741202,y,accusation,other,n,accuser,none,@pigsquealerrrrr You're a bully!
4125,103586246227542016,287412739,y,denial,other,n,bully,none,@BeccaRatliff31 thats the thing?! how am i a bully?! i used to be iconicbelieblove by the way. id you know who i am then you know me
4126,107866678624387072,165892968,n,,,,,,"Let's pray for a whole world against violence, racism, bullying and homophobia! @KChenoweth @DarrenCriss @chriscolfer @monicahuarte @ziLRc"
4127,102195091506069504,98929003,n,,,,,,I don't even understand how you could bully someone....it's just. Mean. Like. Be nice and grow up.
4128,102240119502811138,238975188,n,,,,,,vooç nao sabe o que e raiva quando  vc ta jogano bully ae o poha da polia te pega  isso sim e #raiva
4129,103580281100959744,46001049,n,,,,,,
4130,106840800876429312,43941607,y,self-disclosure,cyberbullying,n,victim,none,@Matt_P_1995 evil you are! I have been bullied on twitter today! You should be nice to me ;) x
4131,107172557249187840,215134737,n,,,,,,
4132,108457628514000896,29961452,n,,,,,,"LOL Junsu always got bully XDD ""Check this video out -- From JYJ_in ?? http://t.co/KpR7fYI via @youtube"""
4133,101513695301074944,66480024,n,,,,,,
4134,101650064207917056,291185969,y,self-disclosure,other,n,defender,none,
4135,103585413075189760,104434128,n,,,,,,
4136,104579415341674498,223694604,y,denial,other,n,victim,none,
4137,107102006895845376,16176702,n,,,,,,I think we shamed Bolero into abandoning capslock.  I feel like a bully.
4138,104044675505209346,276633898,y,accusation,other,y,accuser,none,
4139,105372197509545984,74705616,n,,,,,,rt @DeniseRawding2011Bullying Policies - Changing the Motivation To Do The Right Thing http://t.co/pn0d5nD  #motivology
4140,105393831326912512,185587775,n,,,,,,"@AshleyMulimba @Jeezeeh95 oi boys allow it, aaron got cheated on? Just bully him"
4141,106911391750955008,339057435,y,self-disclosure,other,n,victim,anger,"You bully me so fucking much, I hate you"
4142,107372004969160704,18134929,y,report,other,n,reporter,none,"@bowya This was very much an exception for a ""troubled"" girl said to have been bullied into her part in the looting"
4143,107905348517625856,175704192,y,report,other,n,reporter,none,iWanna Conk Some Of Teammindless Heads BigTime.. When iCatch The Person Who's Been Bullying..
4144,104014923167825920,216827668,y,report,other,n,reporter,none,@pryce_choppa You Can Tell How Meeka Was Acting That She Was Bullied Alot In School Lookin like A Black Twinkie or Something
4145,105683235840851970,303014307,n,,,,,,Frio é bullying contra os solteiros. http://t.co/jHS7vlA
4146,105712758888218627,103759214,n,,,,,,“@MattShepardFDN: MatthewsPlace.com chatted with @GLEEonFOX's @JennaUshkowitz. Go check out her thoughts on bullying http://t.co/WvHvNVf”
4147,106894602870595584,239105258,n,,,,,,
4148,100318287430303744,175188124,n,,,,,,sofro bullying da câmera digital (((((((((((((((((:
4149,102403026765103105,160657245,n,,,,,,@mattymatt028 clearly it WAS!! *in my bullying voice!* lls
4150,102807513027719168,95649692,n,,,,,,If your ever bullied listen to #NeverSayNever its such an inspirational song
4151,103621227586920448,153879254,y,self-disclosure,other,n,victim,anger,Taken too much bullying from @MarcusBoateng in the past *shakes head* time to FIGHT BACK #girlpower
4152,104714043834630144,57011708,n,,,,,,@AmyLeeOv Tim vai nos processar - Isso é bullying gente HAHAHAHAHAHA.
4153,102392145255743488,53755622,n,,,,,,
4154,103069499099578368,82070629,n,,,,,,"@daprast @piulinfection @sipidkiller @miftakhair | MasMamah , mohon bimbingan sipid di kota org, sekiranya dia nakal, di bully aja"
4155,103113600532615168,128970650,n,,,,,,MANO ISSO É BULLYING     AAAAAAAAAAAAAAAAAAA
4156,109063043182362625,312232217,n,,,,,,"@All_Star_K_Lil: ayee, lil bully wadup ju?"
4157,100641045175468032,10315442,n,,,,,,
4158,101351819040665600,41740455,n,,,,,,"AAPL Buying 375 Calls @ 3.00 Weekly , Shorting 380 @ 1.40 ( Dept Spread)  Bullish"
4159,102133075688955905,251263160,n,,,,,,
4160,107396117712474112,275904186,y,self-disclosure,physical,n,victim,none,Thinking how I get betrayed and bullied by my close friends in the past. I even nearly get beaten up. It's my life.
4161,102070959124647936,288972179,n,,,,,,minha amiga Ariadna não foi pra escola hoje porque está sofrendo Bulling HSUAHSUAH
4162,102906252320980992,225951880,n,,,,,,
4163,104822117547253760,5949072,y,self-disclosure,other,n,victim,anger,"@dellvink @lalalian what pissed me off was that I said I wasn't really interested, MORE THAN ONCE. Little blond Irish bully."
4164,106512035776438272,194077157,n,,,,,,#NEWMUSIC bingsta PRODUCTIONS/WE GOT IT RECORDS L.L.C. - BULLY THE GAME- PRODUCED BY - http://t.co/TLwSRez
4165,102170586641465344,156520539,y,accusation,other,y,accuser,none,@morgin_ward iMiss seeing your face on the weekends bully :/
4166,102389774819672064,53368486,n,,,,,,"""The bully always says it's a joke, but to the one being bullied it's a dead serious!"" -Fujisaki Yuusuke #SKETDance"
4167,104584289408139264,351059967,y,report,other,y,reporter,none,
4168,106874899989143553,226356263,n,,,,,,Minha mãe piora o bullying !!! Só me esculacha #huahua
4169,101313858009972736,351891966,y,report,other,n,reporter,none,
4170,102512613358977024,84488868,n,,,,,,
4171,102815843825618944,88064974,y,report,other,n,reporter,none,
4172,104313124928237568,64833876,y,self-disclosure,other,n,defender,none,
4173,105632356664213504,283193023,n,,,,,,@childanxietytip The Effects of Bullying on Children With Anxiety - http://t.co/i7sybEs
4174,107270540766613506,136481285,n,,,,,,
4175,108376622536736768,291952241,n,,,,,,it would mean EVERYTHING if you took the time to watch this... STOP THE BULLYING!http://www.youtube.com/watch?v=7-X3Pu20w24 @bellathorne143
4176,106539805336281089,101073409,y,accusation,other,n,accuser,none,@Tropic_Tiff fool u a bully
4177,108011704058785792,123923551,n,,,,,,"J'aime leur pub , stop bullying !"
4178,103531456458010624,309751125,n,,,,,,ohmygosh Rebecca Black abandonó la escuela por bullying ...
4179,104718451754532864,116867262,n,,,,,,
4180,106386556570439681,19489234,y,report,other,n,reporter,none,
4181,101659840350396416,38671684,y,report,other,n,reporter,none,So a gay guy bullied someone in high school. Some how I don't find this at all EXCITING. We are not all FAIRIES you know
4182,103244032683147265,218312888,n,,,,,,Bullying Fail http://t.co/mG7zui7
4183,105753579498909696,271600931,n,,,,,,o cara que bota o nome no filho de Nhonho já faz isso sabendo que ele vai sofre bullying na escola .-.
4184,106196176071696384,77043659,n,,,,,,Momis! To sofrendo bullying da @mayara_meloo kkkkkkkkkkkk =(
4185,107095976178753537,29013958,n,,,,,,My friend's blog is torture. There's a psychopathic bully inside her head and she doesn't have the strength to kick its ass. Disgusting.
4186,100604468210577409,138318059,y,self-disclosure,physical,n,victim,none,"@19AKAtude08 she's a bully she called me a midget devil, sprayed perfume all over me, chased me up the stairs nd poured my beer on the floor"
4187,105679030291922944,54105916,n,,,,,,Frio é bullying contra os solteiros. http://t.co/18ddqSB
4188,107069382227791872,145006772,n,,,,,,I HATE BULLYING!!!!
4189,100685501320794113,266930023,n,,,,,,
4190,104323244823298048,182090080,n,,,,,,gente não precisa vim com bullying pq meu email é foda ok KKK
4191,106530752522485760,249571550,n,,,,,,Bullying at work: resolving a problem: One of the most common areas that we find for bullying is where the... http://t.co/mcpdyqe
4192,108673913042644993,49720460,n,,,,,,"@edmundovaras Edmundito, sin mala onda.. la palabra es BULLYING, no BOWLING :)"
4193,104213082242416640,15358229,n,,,,,,"Irkç?y?m demi?tim. ""Sexual harrassment, bullying, annoying"" bu fiilerde bulunanlara ?rkç?y?m! ?dam gelecekse önce bunlara gelsin."
4194,104944639357886464,352979286,y,self-disclosure,other,n,victim,sadness,@blazingheartz @thunderlicious_ All bully me :(
4195,105389268066770944,340437035,y,report,cyberbullying,n,reporter,none,So the selena hate accounts think nolan is cyber bullying??? ya tht makes a lot of sense. NOT!!
4196,105805704161538048,68017008,n,,,,,,Porque o aplicativo do tumblr não esta disponivel na minha versão??? ISSO É BULLYING MEU POVO!
4197,106140789075226624,321998606,y,self-disclosure,other,n,victim,none,@selenagomez YOU IS MY INSPIRATION SELENA FOLLOW ME I SUFFER BULLYING :/
4198,106850845131411456,90362421,y,report,other,n,reporter,none,"@mkidj totti is rlly a bully, its hard 4 a coach 2 work @ roma wit out totti's help"
4199,109006621346242560,142250765,y,self-disclosure,other,n,victim,none,@justinbieber you will never tweet me stay strong ? :''( bullying killing me so much.. PLEASE JUSTIN NEVER SAY NEVER ?15
